混沌を越えし我らが神聖なる調律主を讃えよ,MAS,14.1
World Vanquisher,MAS,14.1
業 -善なる神とこの世の悪について-,MAS,14.1
Rebellion,MAS,14.1
ANU,MAS,14.0
怒槌,MAS,14.0
玩具狂奏曲 -終焉-,MAS,14.0
TiamaT:F minor,MAS,14.0
macrocosmos,MAS,14.0
Killing Rhythm,MAS,14.0
Trrricksters!!,MAS,14.0
宿星審判,MAS,14.0
Finite,MAS,13.9
神威,MAS,13.9
Blackmagik Blazing,MAS,13.9
★LittlE HearTs★,MAS,13.9
Dengeki Tube,MAS,13.9
End Time,MAS,13.9
YURUSHITE,MAS,13.9
Viyella's Tears,MAS,13.9
Contrapasso -inferno-,MAS,13.9
Xevel,MAS,13.9
otorii INNOVATED -[i]3-,MAS,13.9
赤壁、大炎上！！,MAS,13.9
Schrecklicher Aufstand,MAS,13.9
Devastating Blaster,MAS,13.9
Surveiller et punir,MAS,13.9
Climax,MAS,13.9
電光石火,MAS,13.9
GIGA DRIVE,MAS,13.9
Megameteor,MAS,13.9
《破滅》 ～ Rhapsody for The End,MAS,13.9
Hainuwele,MAS,13.9
Lemegeton -little key of solomon-,MAS,13.8
BUCHiGiRE Berserker,MAS,13.8
AttraqtiA,MAS,13.8
Sound Chimera,MAS,13.8
FREEDOM DiVE,MAS,13.8
Angel dust,MAS,13.8
Doppelganger,MAS,13.8
Giselle,MAS,13.8
Ascension to Heaven,MAS,13.8
MARENOL,MAS,13.8
小悪魔の遊園地,MAS,13.8
Garakuta Doll Play,MAS,13.8
AMAZING MIGHTYYYY!!!!,MAS,13.8
ねぇ、壊れタ人形ハ何処へ棄テらレるノ？,MAS,13.8
Excalibur ～Revived resolution～,MAS,13.8
Opfer,MAS,13.8
神威 (NAOKI × ZPP MIX),MAS,13.8
エンドマークに希望と涙を添えて,MAS,13.8
宛城、炎上！！,MAS,13.8
Kattobi KEIKYU Rider,MAS,13.8
Iudicium,MAS,13.8
Gate of Doom,MAS,13.8
夕焼けのRed Parade,MAS,13.8
8-EM,MAS,13.8
Surrogate Life,MAS,13.8
Trackless wilderness,MAS,13.8
初音ミクの激唱,MAS,13.7
Calamity Fortune,MAS,13.7
Fracture Ray,MAS,13.7
Grievous Lady,MAS,13.7
ouroboros -twin stroke of the end-,MAS,13.7
Vallista,MAS,13.7
水晶世界 ～Fracture～,MAS,13.7
VERTeX,MAS,13.7
larva,MAS,13.7
Alea jacta est!,MAS,13.7
Ai Nov,MAS,13.7
Everlasting Today,MAS,13.7
MEGATON BLAST,MAS,13.7
Paqqin (tpz Despair Remix),MAS,13.7
folern,MAS,13.7
スピカの天秤,MAS,13.7
Walzer für das Nichts,MAS,13.7
ハードコア・シンドローム,MAS,13.7
Last Celebration,MAS,13.7
SON OF SUN,MAS,13.6
極圏,MAS,13.6
Scarlet Lance,MAS,13.6
GERBERA,MAS,13.6
Dreadnought,MAS,13.6
G e n g a o z o,MAS,13.6
Nhelv,MAS,13.6
PUPA,MAS,13.6
ZEUS,MAS,13.6
AXION,MAS,13.6
CITRUS MONSTER,MAS,13.6
L’épisode,MAS,13.6
GOLDEN RULE,MAS,13.6
Sparking Revolver,MAS,13.6
B100d Hunter,MAS,13.6
Parad'ox,MAS,13.6
ナイト・オブ・ナイツ (USAO Remix),MAS,13.5
星の器～STAR OF ANDROMEDA,MAS,13.5
ゴールドビジョン,MAS,13.5
Cyaegha,MAS,13.5
セイクリッド　ルイン,MAS,13.5
Aragami,MAS,13.5
Air,MAS,13.5
Name of oath,MAS,13.5
AVALON,MAS,13.5
volcanic,MAS,13.5
Destr0yer,MAS,13.5
チョウの標本,MAS,13.5
Like the Wind [Reborn],MAS,13.5
luna blu,MAS,13.5
閃鋼のブリューナク,MAS,13.5
Gate of Fate,MAS,13.5
Genesis,MAS,13.5
Philosopher,MAS,13.5
Tidal Wave,MAS,13.5
Twilight,MAS,13.5
ぜったい！昇天★鎮魂歌♂,MAS,13.5
Sqlupp,MAS,13.5
暗晦にハイライト,MAS,13.5
Nijirate Fanatics,MAS,13.5
せかいせいふく！ゆりあちゃん！,MAS,13.5
シャッキーーン！！,MAS,13.5
Therapeutic Hoedown,MAS,13.5
ラクガキスト,MAS,13.4
初音ミクの消失,MAS,13.4
最終鬼畜妹フランドール・S,MAS,13.4
きゅうりバーにダイブ,MAS,13.4
Super Lovely (Heavenly Remix),MAS,13.4
Taiko Drum Monster,MAS,13.4
Parousia,MAS,13.4
Black Lotus,MAS,13.4
felys -final remix-,MAS,13.4
The wheel to the right,MAS,13.4
紅華刑,MAS,13.4
オススメ☆♂♀☆でぃすとぴあ,MAS,13.4
Supersonic Generation,MAS,13.4
ハートアタック,MAS,13.4
中学2年生のアンドロイド,MAS,13.4
Black Swan Lake,MAS,13.4
absolute rightness,MAS,13.4
《運命》 ～ Ray of Hope,MAS,13.4
U ARE,MAS,13.4
Insane Gamemode,MAS,13.4
殺人レコード恐怖のメロディ,MAS,13.3
ジングルベル,MAS,13.3
ハイセンスナンセンス,MAS,13.3
のぼれ！すすめ！高い塔,MAS,13.3
レータイスパークEx,MAS,13.3
Blue Noise,MAS,13.3
Brain Power,MAS,13.3
conflict,MAS,13.3
Halcyon,MAS,13.3
Strahv,MAS,13.3
GOODTEK,MAS,13.3
Pure Ruby,MAS,13.3
燃えてもエンジョイ！宛城、炎上！！,MAS,13.3
conflict（斉唱）,MAS,13.3
Hyper Active,MAS,13.3
覚醒楽奏メタフィクション,MAS,13.3
眠れぬ夜君を想フ,MAS,13.3
JIGOKU STATION CENTRAL GATE,MAS,13.3
BlazinG AIR,MAS,13.3
CHOCOLATE BOMB!!!!,MAS,13.3
StufeStern,MAS,13.3
Fidget Dancer,MAS,13.3
混沌を越えし我らが神聖なる調律主を讃えよ,EXP,13.3
Killing Rhythm,EXP,13.3
ぶいえす!!らいばる!!,MAS,13.2
害虫,MAS,13.2
インビジブル,MAS,13.2
Sweet Requiem,MAS,13.2
サドマミホリック,MAS,13.2
BlythE,MAS,13.2
DRAGONLADY,MAS,13.2
R.I.P.,MAS,13.2
Jade Star,MAS,13.2
分からない,MAS,13.2
GEMINI -C-,MAS,13.2
Cyberozar,MAS,13.2
トリスメギストス,MAS,13.2
Twice up Scenery,MAS,13.2
Life,MAS,13.2
大天使ユリア★降臨!,MAS,13.2
業 -善なる神とこの世の悪について-,EXP,13.2
拝啓ドッペルゲンガー,MAS,13.1
ナイト・オブ・ナイツ (Cranky Remix),MAS,13.1
幻想のサテライト,MAS,13.1
Arcahv,MAS,13.1
Jack-the-Ripper◆,MAS,13.1
CO5M1C R4ILR0AD,MAS,13.1
Oshama Scramble!,MAS,13.1
We Gonna Journey,MAS,13.1
Tango Rouge,MAS,13.1
Warcry,MAS,13.1
コモリの怪物,MAS,13.1
Innocent Truth,MAS,13.1
アイリちゃんは暗黒魔導士!,MAS,13.1
Vibrant Verve,MAS,13.1
まごころのカスクルゥト,MAS,13.1
Rebellion,EXP,13.1
狩猟戦旗～REQUIEM,MAS,13.0
頓珍漢の宴,MAS,13.0
カミサマネジマキ,MAS,13.0
ぼくらの16bit戦争,MAS,13.0
ギガンティックO.T.N,MAS,13.0
疾走あんさんぶる,MAS,13.0
Phantasm Brigade,MAS,13.0
最終鬼畜妹・一部声,MAS,13.0
DX超性能フルメタル少女,MAS,13.0
董卓討つべし,MAS,13.0
DataErr0r,MAS,13.0
Pangaea,MAS,13.0
クロートーと星の観測者,MAS,13.0
Outlaw's Lullaby,MAS,13.0
奏者はただ背中と提琴で語るのみ,MAS,13.0
MELtin' 17,MAS,13.0
紅き魔汁、闇より降りて天啓の響きを導く,MAS,13.0
とーきょー全域★アキハバラ？ （ver.にこる）,MAS,13.0
Gustav Battle,MAS,13.0
BOKUTO,MAS,13.0
立川浄穢捕物帳,MAS,13.0
足立オウフwwww,MAS,13.0
ユメキキョウ,MAS,13.0
ハジマリノピアノ,MAS,13.0
宙の隣,MAS,13.0
デンパラダイム,MAS,12.9
Mr. Wonderland,MAS,12.9
SKYSCRAPER,MAS,12.9
音弾超人ゴリライザー,MAS,12.9
Here We Go,MAS,12.9
キラメケ→Shoot it Now!,MAS,12.9
bubble attack,MAS,12.9
Pastel Party,MAS,12.9
サンシャインサマー☆夏期講習,MAS,12.9
Dual Fractal,MAS,12.9
《逃避》 ～ The Deserter,MAS,12.9
ヴンダーカンマー,MAS,12.9
Destination,MAS,12.9
パームカルマ,MAS,12.9
Viyella's Tears,EXP,12.9
碧き孤島のアングゥィス,MAS,12.8
おこちゃま戦争,MAS,12.8
人生リセットボタン,MAS,12.8
鬼KYOKAN,MAS,12.8
Doll Judgment,MAS,12.8
ウサテイ,MAS,12.8
聖少女サクリファイス,MAS,12.8
風に乗せた願い,MAS,12.8
taboo tears you up,MAS,12.8
Memory of Beach,MAS,12.8
Life is PIANO,MAS,12.8
Bang Babang Bang!!!,MAS,12.8
一世嬉遊曲‐ディヴェルティメント‐,MAS,12.8
Jack the GAME,MAS,12.8
P！P！P！P！がおー!!,MAS,12.8
Jörqer,MAS,12.8
My First Phone,MAS,12.8
SNIPE WHOLE,MAS,12.8
MUSIC PЯAYER,MAS,12.8
ケモノガル,MAS,12.8
ドライヴ・オン・ザ・レインボー,MAS,12.8
Drivessover,MAS,12.8
Summer is over,MAS,12.8
逃げろ！サテライトキャンパス！！,MAS,12.8
Hey Yeah!!,MAS,12.8
Just You,MAS,12.8
BUCHiGiRE Berserker,EXP,12.8
Giselle,EXP,12.8
Ascension to Heaven,EXP,12.8
怒槌,EXP,12.8
玩具狂奏曲 -終焉-,EXP,12.8
World Vanquisher,EXP,12.8
宿星審判,EXP,12.8
Kadenz,MAS,12.7
Bull's Eye,MAS,12.7
ストライク・ザ・ブラッド,MAS,12.7
TREAT OR TREAT?,MAS,12.7
L.L.L.,MAS,12.7
命に嫌われている,MAS,12.7
バイオレンストリガー,MAS,12.7
グリーンライツ・セレナーデ,MAS,12.7
絶対にチョコミントを食べるアオイチャン,MAS,12.7
ヒバナ,MAS,12.7
カゲロウデイズ,MAS,12.7
ミリオン／ワンズ,MAS,12.7
輪廻転生,MAS,12.7
ゴーストルール,MAS,12.7
ドーナツホール,MAS,12.7
アンハッピーリフレイン,MAS,12.7
チルドレンレコード,MAS,12.7
脳漿炸裂ガール,MAS,12.7
セツナトリップ,MAS,12.7
タイガーランペイジ,MAS,12.7
しゅわスパ大作戦☆,MAS,12.7
Energy Booster ～ 上海紅茶館,MAS,12.7
ARROW RAIN feat. Ayame,MAS,12.7
Pump!n,MAS,12.7
Floating Darkness,MAS,12.7
ケロ⑨destiny,MAS,12.7
ひれ伏せ愚民どもっ！,MAS,12.7
エテルニタス・ルドロジー,MAS,12.7
Jimang Shot,MAS,12.7
四次元跳躍機関,MAS,12.7
Axium Crisis,MAS,12.7
Auxesia,MAS,12.7
Altale,MAS,12.7
The Formula,MAS,12.7
SAMBISTA,MAS,12.7
Say A Vengeance,MAS,12.7
STAGER,MAS,12.7
JULIAN,MAS,12.7
Black Lair,MAS,12.7
Funny Funky Freaky,MAS,12.7
Everything For A Reason,MAS,12.7
We Are Us,MAS,12.7
-OutsideR:RequieM-,MAS,12.7
みなえをチェック！,MAS,12.7
Day by Day CRiSiS Songs,MAS,12.7
SUPER RESULT BEAT vol.1,MAS,12.7
Secret Sleuth,MAS,12.7
Alma,MAS,12.7
stella=steLLa,MAS,12.7
Paqqin,MAS,12.7
最愛テトラグラマトン,MAS,12.7
札付きのワル　～マイケルのうた～,MAS,12.7
ゲシュタルト！テスト期間！！,MAS,12.7
EXECUTOR,MAS,12.7
時の冒険者,MAS,12.7
PAST,MAS,12.7
Blessed,MAS,12.7
Seagull,MAS,12.7
Servant of Love,MAS,12.7
strelitzia,MAS,12.7
ツクヨミステップ,MAS,12.7
【冒険】イングリット葛西降臨！【実況】,MAS,12.7
レーイレーイ,MAS,12.7
《混乱》 ～ Muspell,MAS,12.7
モノクロトワイライト,MAS,12.7
エキセントリックコンコン,MAS,12.7
ROAD TO DREAM,MAS,12.7
Yume no hajimari,MAS,12.7
神威,EXP,12.7
SON OF SUN,EXP,12.7
End Time,EXP,12.7
YURUSHITE,EXP,12.7
Opfer,EXP,12.7
神威 (NAOKI × ZPP MIX),EXP,12.7
TiamaT:F minor,EXP,12.7
folern,EXP,12.7
Climax,EXP,12.7
Nijirate Fanatics,EXP,12.7
Trrricksters!!,EXP,12.7
Hainuwele,EXP,12.7